{"cameraMode":{"drawMode":0,"name":"Shaded","section":"Shading Mode"},"sceneLighting":true,"audioPlay":false,"sceneViewState":{"m_AlwaysRefresh":false,"showFog":true,"showSkybox":true,"showFlares":true,"showImageEffects":true,"showParticleSystems":true,"showVisualEffectGraphs":true,"m_FxEnabled":true},"in2DMode":false,"pivot":{"x":93.23918914794922,"y":29.682958602905275,"z":-1.0545015335083008},"rotation":{"x":-0.025378890335559846,"y":0.6768325567245483,"z":0.023359939455986024,"w":0.7353264689445496},"size":53.714447021484378,"orthographic":false}