{"cameraMode":{"drawMode":0,"name":"Shaded","section":"Shading Mode"},"sceneLighting":true,"audioPlay":false,"sceneViewState":{"m_AlwaysRefresh":false,"showFog":true,"showSkybox":true,"showFlares":true,"showImageEffects":true,"showParticleSystems":true,"showVisualEffectGraphs":true,"m_FxEnabled":true},"in2DMode":false,"pivot":{"x":-21.191801071166993,"y":-0.7363466024398804,"z":-0.019193317741155626},"rotation":{"x":0.08291392773389816,"y":0.6991047859191895,"z":-0.08217034488916397,"w":0.7054256200790405},"size":2.9660253524780275,"orthographic":false}