{"cameraMode":{"drawMode":0,"name":"Shaded","section":"Shading Mode"},"sceneLighting":false,"audioPlay":false,"sceneViewState":{"m_AlwaysRefresh":false,"showFog":true,"showSkybox":false,"showFlares":true,"showImageEffects":true,"showParticleSystems":true,"showVisualEffectGraphs":true,"m_FxEnabled":true},"in2DMode":false,"pivot":{"x":-8.420000076293946,"y":20.496231079101564,"z":-56.970001220703128},"rotation":{"x":0.3843390643596649,"y":0.006095147226005793,"z":-0.002537319902330637,"w":0.9231701493263245},"size":7.516648292541504,"orthographic":false}